areacd,areanm,period,value
E06000001,Hartlepool,2023-04-01/P1Y,33.77417755
E06000001,Hartlepool,2024-04-01/P1Y,31.9456428
E06000002,Middlesbrough,2023-04-01/P1Y,41.25493442
E06000002,Middlesbrough,2024-04-01/P1Y,38.73811473
E06000003,Redcar and Cleveland,2023-04-01/P1Y,31.36615181
E06000003,Redcar and Cleveland,2024-04-01/P1Y,31.32569964
E06000004,Stockton-on-Tees,2023-04-01/P1Y,26.84695227
E06000004,Stockton-on-Tees,2024-04-01/P1Y,26.24025827
E06000005,Darlington,2023-04-01/P1Y,28.81338895
E06000005,Darlington,2024-04-01/P1Y,28.72255489
E06000006,Halton,2023-04-01/P1Y,27.8275453
E06000006,Halton,2024-04-01/P1Y,28.25524576
E06000007,Warrington,2023-04-01/P1Y,19.75947633
E06000007,Warrington,2024-04-01/P1Y,19.30433461
E06000008,Blackburn with Darwen,2023-04-01/P1Y,41.02251303
E06000008,Blackburn with Darwen,2024-04-01/P1Y,38.50699339
E06000009,Blackpool,2023-04-01/P1Y,40.75676526
E06000009,Blackpool,2024-04-01/P1Y,39.16777266
E06000010,"Kingston upon Hull, City of",2023-04-01/P1Y,37.89881993
E06000010,"Kingston upon Hull, City of",2024-04-01/P1Y,37.18860568
E06000011,East Riding of Yorkshire,2023-04-01/P1Y,21.71303181
E06000011,East Riding of Yorkshire,2024-04-01/P1Y,21.60614273
E06000012,North East Lincolnshire,2023-04-01/P1Y,36.88713059
E06000012,North East Lincolnshire,2024-04-01/P1Y,35.52990274
E06000013,North Lincolnshire,2023-04-01/P1Y,30.78283655
E06000013,North Lincolnshire,2024-04-01/P1Y,30.14655257
E06000014,York,2023-04-01/P1Y,17.79859485
E06000014,York,2024-04-01/P1Y,18.19555789
E06000015,Derby,2023-04-01/P1Y,33.80735474
E06000015,Derby,2024-04-01/P1Y,32.53693864
E06000016,Leicester,2023-04-01/P1Y,41.5599637
E06000016,Leicester,2024-04-01/P1Y,40.14189694
E06000017,Rutland,2023-04-01/P1Y,14.17334745
E06000017,Rutland,2024-04-01/P1Y,15.21270037
E06000018,Nottingham,2023-04-01/P1Y,41.52139724
E06000018,Nottingham,2024-04-01/P1Y,40.21863835
E06000019,"Herefordshire, County of",2023-04-01/P1Y,23.99302356
E06000019,"Herefordshire, County of",2024-04-01/P1Y,25.55954775
E06000020,Telford and Wrekin,2023-04-01/P1Y,32.51262298
E06000020,Telford and Wrekin,2024-04-01/P1Y,33.02785082
E06000021,Stoke-on-Trent,2023-04-01/P1Y,39.71055158
E06000021,Stoke-on-Trent,2024-04-01/P1Y,37.6337886
E06000022,Bath and North East Somerset,2023-04-01/P1Y,16.28572317
E06000022,Bath and North East Somerset,2024-04-01/P1Y,16.286767
E06000023,"Bristol, City of",2023-04-01/P1Y,26.41314896
E06000023,"Bristol, City of",2024-04-01/P1Y,25.61122244
E06000024,North Somerset,2023-04-01/P1Y,19.52779776
E06000024,North Somerset,2024-04-01/P1Y,18.9129936
E06000025,South Gloucestershire,2023-04-01/P1Y,17.70954598
E06000025,South Gloucestershire,2024-04-01/P1Y,17.53912188
E06000026,Plymouth,2023-04-01/P1Y,27.34565372
E06000026,Plymouth,2024-04-01/P1Y,27.29465974
E06000027,Torbay,2023-04-01/P1Y,31.09262898
E06000027,Torbay,2024-04-01/P1Y,31.63331181
E06000030,Swindon,2023-04-01/P1Y,22.951129
E06000030,Swindon,2024-04-01/P1Y,22.63179743
E06000031,Peterborough,2023-04-01/P1Y,36.66561027
E06000031,Peterborough,2024-04-01/P1Y,34.92463293
E06000032,Luton,2023-04-01/P1Y,41.39738153
E06000032,Luton,2024-04-01/P1Y,40.44885083
E06000033,Southend-on-Sea,2023-04-01/P1Y,29.958159
E06000033,Southend-on-Sea,2024-04-01/P1Y,29.0431669
E06000034,Thurrock,2023-04-01/P1Y,28.21715324
E06000034,Thurrock,2024-04-01/P1Y,26.91783157
E06000035,Medway,2023-04-01/P1Y,27.85190628
E06000035,Medway,2024-04-01/P1Y,27.00414369
E06000036,Bracknell Forest,2023-04-01/P1Y,14.95806881
E06000036,Bracknell Forest,2024-04-01/P1Y,15.29562483
E06000037,West Berkshire,2023-04-01/P1Y,16.55771326
E06000037,West Berkshire,2024-04-01/P1Y,16.64559629
E06000038,Reading,2023-04-01/P1Y,25.5643935
E06000038,Reading,2024-04-01/P1Y,24.94297676
E06000039,Slough,2023-04-01/P1Y,33.38739801
E06000039,Slough,2024-04-01/P1Y,31.25572206
E06000040,Windsor and Maidenhead,2023-04-01/P1Y,13.58189081
E06000040,Windsor and Maidenhead,2024-04-01/P1Y,13.04116866
E06000041,Wokingham,2023-04-01/P1Y,10.73511652
E06000041,Wokingham,2024-04-01/P1Y,10.66382027
E06000042,Milton Keynes,2023-04-01/P1Y,24.8197419
E06000042,Milton Keynes,2024-04-01/P1Y,23.7241546
E06000043,Brighton and Hove,2023-04-01/P1Y,21.35350474
E06000043,Brighton and Hove,2024-04-01/P1Y,21.62470262
E06000044,Portsmouth,2023-04-01/P1Y,31.74728012
E06000044,Portsmouth,2024-04-01/P1Y,31.04925054
E06000045,Southampton,2023-04-01/P1Y,32.14750734
E06000045,Southampton,2024-04-01/P1Y,30.99682288
E06000046,Isle of Wight,2023-04-01/P1Y,30.74048913
E06000046,Isle of Wight,2024-04-01/P1Y,31.28675029
E06000047,County Durham,2023-04-01/P1Y,29.16142344
E06000047,County Durham,2024-04-01/P1Y,29.18239421
E06000049,Cheshire East,2023-04-01/P1Y,17.84015616
E06000049,Cheshire East,2024-04-01/P1Y,17.47282202
E06000050,Cheshire West and Chester,2023-04-01/P1Y,20.5319638
E06000050,Cheshire West and Chester,2024-04-01/P1Y,20.16887931
E06000051,Shropshire,2023-04-01/P1Y,22.12767588
E06000051,Shropshire,2024-04-01/P1Y,23.41169725
E06000052,Cornwall,2023-04-01/P1Y,27.86236265
E06000052,Cornwall,2024-04-01/P1Y,28.46777406
E06000053,Isles of Scilly,2023-04-01/P1Y,8.306709265
E06000053,Isles of Scilly,2024-04-01/P1Y,11.47540984
E06000054,Wiltshire,2023-04-01/P1Y,18.60918851
E06000054,Wiltshire,2024-04-01/P1Y,18.98307672
E06000055,Bedford,2023-04-01/P1Y,24.78365323
E06000055,Bedford,2024-04-01/P1Y,24.90438923
E06000056,Central Bedfordshire,2023-04-01/P1Y,17.4975929
E06000056,Central Bedfordshire,2024-04-01/P1Y,17.83631322
E06000057,Northumberland,2023-04-01/P1Y,23.90338647
E06000057,Northumberland,2024-04-01/P1Y,24.15308128
E06000058,"Bournemouth, Christchurch and Poole",2023-04-01/P1Y,24.94215851
E06000058,"Bournemouth, Christchurch and Poole",2024-04-01/P1Y,24.39065058
E06000059,Dorset,2023-04-01/P1Y,22.83885659
E06000059,Dorset,2024-04-01/P1Y,23.30652245
E06000060,Buckinghamshire,2023-04-01/P1Y,17.8420025
E06000060,Buckinghamshire,2024-04-01/P1Y,17.48471313
E06000061,North Northamptonshire,2023-04-01/P1Y,25.09731669
E06000061,North Northamptonshire,2024-04-01/P1Y,25.15143247
E06000062,West Northamptonshire,2023-04-01/P1Y,22.50348461
E06000062,West Northamptonshire,2024-04-01/P1Y,22.67818828
E06000063,Cumberland,2023-04-01/P1Y,23.60692036
E06000063,Cumberland,2024-04-01/P1Y,22.89812495
E06000064,Westmorland and Furness,2023-04-01/P1Y,20.59167105
E06000064,Westmorland and Furness,2024-04-01/P1Y,19.59029143
E06000065,North Yorkshire,2023-04-01/P1Y,19.55888059
E06000065,North Yorkshire,2024-04-01/P1Y,19.58407097
E06000066,Somerset,2023-04-01/P1Y,23.86059253
E06000066,Somerset,2024-04-01/P1Y,23.85752348
E07000008,Cambridge,2023-04-01/P1Y,18.09462326
E07000008,Cambridge,2024-04-01/P1Y,17.60989011
E07000009,East Cambridgeshire,2023-04-01/P1Y,16.31054131
E07000009,East Cambridgeshire,2024-04-01/P1Y,16.89414797
E07000010,Fenland,2023-04-01/P1Y,31.36293521
E07000010,Fenland,2024-04-01/P1Y,30.78721322
E07000011,Huntingdonshire,2023-04-01/P1Y,17.94871795
E07000011,Huntingdonshire,2024-04-01/P1Y,17.84244308
E07000012,South Cambridgeshire,2023-04-01/P1Y,13.50941827
E07000012,South Cambridgeshire,2024-04-01/P1Y,14.03488304
E07000032,Amber Valley,2023-04-01/P1Y,23.31392072
E07000032,Amber Valley,2024-04-01/P1Y,23.37614168
E07000033,Bolsover,2023-04-01/P1Y,29.09384432
E07000033,Bolsover,2024-04-01/P1Y,29.25174825
E07000034,Chesterfield,2023-04-01/P1Y,26.99699529
E07000034,Chesterfield,2024-04-01/P1Y,26.42581232
E07000035,Derbyshire Dales,2023-04-01/P1Y,16.57071579
E07000035,Derbyshire Dales,2024-04-01/P1Y,17.59469884
E07000036,Erewash,2023-04-01/P1Y,24.1482244
E07000036,Erewash,2024-04-01/P1Y,24.51236049
E07000037,High Peak,2023-04-01/P1Y,19.76146547
E07000037,High Peak,2024-04-01/P1Y,19.60862887
E07000038,North East Derbyshire,2023-04-01/P1Y,21.47751483
E07000038,North East Derbyshire,2024-04-01/P1Y,21.84460529
E07000039,South Derbyshire,2023-04-01/P1Y,19.74928934
E07000039,South Derbyshire,2024-04-01/P1Y,18.96654038
E07000040,East Devon,2023-04-01/P1Y,20.3357137
E07000040,East Devon,2024-04-01/P1Y,21.04983877
E07000041,Exeter,2023-04-01/P1Y,21.31056714
E07000041,Exeter,2024-04-01/P1Y,21.51481888
E07000042,Mid Devon,2023-04-01/P1Y,21.99364904
E07000042,Mid Devon,2024-04-01/P1Y,22.62965265
E07000043,North Devon,2023-04-01/P1Y,26.58739739
E07000043,North Devon,2024-04-01/P1Y,26.55480576
E07000044,South Hams,2023-04-01/P1Y,19.48162311
E07000044,South Hams,2024-04-01/P1Y,19.94387934
E07000045,Teignbridge,2023-04-01/P1Y,23.30223274
E07000045,Teignbridge,2024-04-01/P1Y,23.94820494
E07000046,Torridge,2023-04-01/P1Y,28.73833977
E07000046,Torridge,2024-04-01/P1Y,29.70493664
E07000047,West Devon,2023-04-01/P1Y,23.91631025
E07000047,West Devon,2024-04-01/P1Y,24.57357958
E07000061,Eastbourne,2023-04-01/P1Y,30.91629751
E07000061,Eastbourne,2024-04-01/P1Y,31.23617739
E07000062,Hastings,2023-04-01/P1Y,35.09522923
E07000062,Hastings,2024-04-01/P1Y,35.37054557
E07000063,Lewes,2023-04-01/P1Y,22.84480173
E07000063,Lewes,2024-04-01/P1Y,22.76887872
E07000064,Rother,2023-04-01/P1Y,26.60953478
E07000064,Rother,2024-04-01/P1Y,26.43858027
E07000065,Wealden,2023-04-01/P1Y,19.38205325
E07000065,Wealden,2024-04-01/P1Y,20.01811266
E07000066,Basildon,2023-04-01/P1Y,26.00459816
E07000066,Basildon,2024-04-01/P1Y,26.53463881
E07000067,Braintree,2023-04-01/P1Y,22.36166378
E07000067,Braintree,2024-04-01/P1Y,22.96160267
E07000068,Brentwood,2023-04-01/P1Y,13.52226721
E07000068,Brentwood,2024-04-01/P1Y,14.19402287
E07000069,Castle Point,2023-04-01/P1Y,23.8839865
E07000069,Castle Point,2024-04-01/P1Y,24.3584784
E07000070,Chelmsford,2023-04-01/P1Y,16.74386882
E07000070,Chelmsford,2024-04-01/P1Y,16.65543197
E07000071,Colchester,2023-04-01/P1Y,21.74233646
E07000071,Colchester,2024-04-01/P1Y,22.28219771
E07000072,Epping Forest,2023-04-01/P1Y,19.46651979
E07000072,Epping Forest,2024-04-01/P1Y,18.77403657
E07000073,Harlow,2023-04-01/P1Y,29.42634064
E07000073,Harlow,2024-04-01/P1Y,27.81132766
E07000074,Maldon,2023-04-01/P1Y,20.10235231
E07000074,Maldon,2024-04-01/P1Y,20.61549537
E07000075,Rochford,2023-04-01/P1Y,17.20012727
E07000075,Rochford,2024-04-01/P1Y,17.44814582
E07000076,Tendring,2023-04-01/P1Y,33.13565907
E07000076,Tendring,2024-04-01/P1Y,33.58489043
E07000077,Uttlesford,2023-04-01/P1Y,13.61343606
E07000077,Uttlesford,2024-04-01/P1Y,13.87327824
E07000078,Cheltenham,2023-04-01/P1Y,20.4585454
E07000078,Cheltenham,2024-04-01/P1Y,19.688727
E07000079,Cotswold,2023-04-01/P1Y,16.91865636
E07000079,Cotswold,2024-04-01/P1Y,17.53935779
E07000080,Forest of Dean,2023-04-01/P1Y,25.65349116
E07000080,Forest of Dean,2024-04-01/P1Y,25.28424847
E07000081,Gloucester,2023-04-01/P1Y,27.20110151
E07000081,Gloucester,2024-04-01/P1Y,26.3388639
E07000082,Stroud,2023-04-01/P1Y,17.7354239
E07000082,Stroud,2024-04-01/P1Y,17.80354388
E07000083,Tewkesbury,2023-04-01/P1Y,20.09122619
E07000083,Tewkesbury,2024-04-01/P1Y,19.80583532
E07000084,Basingstoke and Deane,2023-04-01/P1Y,17.31765095
E07000084,Basingstoke and Deane,2024-04-01/P1Y,17.24354768
E07000085,East Hampshire,2023-04-01/P1Y,16.2305296
E07000085,East Hampshire,2024-04-01/P1Y,16.51490805
E07000086,Eastleigh,2023-04-01/P1Y,18.10383244
E07000086,Eastleigh,2024-04-01/P1Y,18.47854212
E07000087,Fareham,2023-04-01/P1Y,15.0735689
E07000087,Fareham,2024-04-01/P1Y,15.578675
E07000088,Gosport,2023-04-01/P1Y,28.42379029
E07000088,Gosport,2024-04-01/P1Y,29.10908965
E07000089,Hart,2023-04-01/P1Y,12.23586968
E07000089,Hart,2024-04-01/P1Y,12.32541172
E07000090,Havant,2023-04-01/P1Y,29.09174523
E07000090,Havant,2024-04-01/P1Y,28.26106884
E07000091,New Forest,2023-04-01/P1Y,21.07201925
E07000091,New Forest,2024-04-01/P1Y,20.41601585
E07000092,Rushmoor,2023-04-01/P1Y,19.99176234
E07000092,Rushmoor,2024-04-01/P1Y,19.97701494
E07000093,Test Valley,2023-04-01/P1Y,16.69233887
E07000093,Test Valley,2024-04-01/P1Y,17.29381548
E07000094,Winchester,2023-04-01/P1Y,14.7314919
E07000094,Winchester,2024-04-01/P1Y,15.30532946
E07000095,Broxbourne,2023-04-01/P1Y,24.74165637
E07000095,Broxbourne,2024-04-01/P1Y,24.61025591
E07000096,Dacorum,2023-04-01/P1Y,19.14357683
E07000096,Dacorum,2024-04-01/P1Y,19.03958269
E07000098,Hertsmere,2023-04-01/P1Y,19.72264316
E07000098,Hertsmere,2024-04-01/P1Y,20.20262491
E07000099,North Hertfordshire,2023-04-01/P1Y,16.90381111
E07000099,North Hertfordshire,2024-04-01/P1Y,16.96746708
E07000102,Three Rivers,2023-04-01/P1Y,14.09284952
E07000102,Three Rivers,2024-04-01/P1Y,14.66609405
E07000103,Watford,2023-04-01/P1Y,24.32955364
E07000103,Watford,2024-04-01/P1Y,24.15364871
E07000105,Ashford,2023-04-01/P1Y,23.8090027
E07000105,Ashford,2024-04-01/P1Y,22.86792179
E07000106,Canterbury,2023-04-01/P1Y,25.04453567
E07000106,Canterbury,2024-04-01/P1Y,24.14716231
E07000107,Dartford,2023-04-01/P1Y,20.5064387
E07000107,Dartford,2024-04-01/P1Y,20.1715386
E07000108,Dover,2023-04-01/P1Y,28.76699123
E07000108,Dover,2024-04-01/P1Y,28.30361446
E07000109,Gravesham,2023-04-01/P1Y,27.45637411
E07000109,Gravesham,2024-04-01/P1Y,27.01016149
E07000110,Maidstone,2023-04-01/P1Y,22.5160632
E07000110,Maidstone,2024-04-01/P1Y,22.49899126
E07000111,Sevenoaks,2023-04-01/P1Y,16.40216037
E07000111,Sevenoaks,2024-04-01/P1Y,15.55509182
E07000112,Folkestone and Hythe,2023-04-01/P1Y,28.37727643
E07000112,Folkestone and Hythe,2024-04-01/P1Y,27.42826205
E07000113,Swale,2023-04-01/P1Y,27.27007205
E07000113,Swale,2024-04-01/P1Y,26.99553872
E07000114,Thanet,2023-04-01/P1Y,35.46121676
E07000114,Thanet,2024-04-01/P1Y,34.84562809
E07000115,Tonbridge and Malling,2023-04-01/P1Y,17.58354756
E07000115,Tonbridge and Malling,2024-04-01/P1Y,16.90337773
E07000116,Tunbridge Wells,2023-04-01/P1Y,16.63415875
E07000116,Tunbridge Wells,2024-04-01/P1Y,16.35093882
E07000117,Burnley,2023-04-01/P1Y,40.42349382
E07000117,Burnley,2024-04-01/P1Y,39.92432804
E07000118,Chorley,2023-04-01/P1Y,18.7585234
E07000118,Chorley,2024-04-01/P1Y,19.63496096
E07000119,Fylde,2023-04-01/P1Y,21.49335925
E07000119,Fylde,2024-04-01/P1Y,22.06236939
E07000120,Hyndburn,2023-04-01/P1Y,39.48684753
E07000120,Hyndburn,2024-04-01/P1Y,39.8215217
E07000121,Lancaster,2023-04-01/P1Y,25.95686642
E07000121,Lancaster,2024-04-01/P1Y,26.73123693
E07000122,Pendle,2023-04-01/P1Y,43.50084155
E07000122,Pendle,2024-04-01/P1Y,42.50023569
E07000123,Preston,2023-04-01/P1Y,32.06530455
E07000123,Preston,2024-04-01/P1Y,30.63603475
E07000124,Ribble Valley,2023-04-01/P1Y,14.72999717
E07000124,Ribble Valley,2024-04-01/P1Y,14.90712661
E07000125,Rossendale,2023-04-01/P1Y,26.38694981
E07000125,Rossendale,2024-04-01/P1Y,26.93037513
E07000126,South Ribble,2023-04-01/P1Y,19.59033348
E07000126,South Ribble,2024-04-01/P1Y,20.44226536
E07000127,West Lancashire,2023-04-01/P1Y,23.81892754
E07000127,West Lancashire,2024-04-01/P1Y,24.0631759
E07000128,Wyre,2023-04-01/P1Y,22.90989253
E07000128,Wyre,2024-04-01/P1Y,23.48392798
E07000129,Blaby,2023-04-01/P1Y,18.22500758
E07000129,Blaby,2024-04-01/P1Y,18.54405353
E07000130,Charnwood,2023-04-01/P1Y,20.52505967
E07000130,Charnwood,2024-04-01/P1Y,21.46495808
E07000131,Harborough,2023-04-01/P1Y,14.54252899
E07000131,Harborough,2024-04-01/P1Y,14.49005316
E07000132,Hinckley and Bosworth,2023-04-01/P1Y,20.34714558
E07000132,Hinckley and Bosworth,2024-04-01/P1Y,20.32950574
E07000133,Melton,2023-04-01/P1Y,21.54440154
E07000133,Melton,2024-04-01/P1Y,22.4792667
E07000134,North West Leicestershire,2023-04-01/P1Y,19.63177599
E07000134,North West Leicestershire,2024-04-01/P1Y,19.71337094
E07000135,Oadby and Wigston,2023-04-01/P1Y,21.78033658
E07000135,Oadby and Wigston,2024-04-01/P1Y,21.08907506
E07000136,Boston,2023-04-01/P1Y,35.221187
E07000136,Boston,2024-04-01/P1Y,35.16955319
E07000137,East Lindsey,2023-04-01/P1Y,33.49355893
E07000137,East Lindsey,2024-04-01/P1Y,33.61827561
E07000138,Lincoln,2023-04-01/P1Y,32.6918536
E07000138,Lincoln,2024-04-01/P1Y,32.6367222
E07000139,North Kesteven,2023-04-01/P1Y,18.28889656
E07000139,North Kesteven,2024-04-01/P1Y,19.56500441
E07000140,South Holland,2023-04-01/P1Y,28.31847961
E07000140,South Holland,2024-04-01/P1Y,27.82117044
E07000141,South Kesteven,2023-04-01/P1Y,21.85294346
E07000141,South Kesteven,2024-04-01/P1Y,22.65508295
E07000142,West Lindsey,2023-04-01/P1Y,24.44607663
E07000142,West Lindsey,2024-04-01/P1Y,24.2023394
E07000143,Breckland,2023-04-01/P1Y,25.84683666
E07000143,Breckland,2024-04-01/P1Y,25.87275829
E07000144,Broadland,2023-04-01/P1Y,17.49771689
E07000144,Broadland,2024-04-01/P1Y,17.44896574
E07000145,Great Yarmouth,2023-04-01/P1Y,36.46592433
E07000145,Great Yarmouth,2024-04-01/P1Y,37.22772277
E07000146,King's Lynn and West Norfolk,2023-04-01/P1Y,26.24544821
E07000146,King's Lynn and West Norfolk,2024-04-01/P1Y,26.23648359
E07000147,North Norfolk,2023-04-01/P1Y,29.61956522
E07000147,North Norfolk,2024-04-01/P1Y,29.60506706
E07000148,Norwich,2023-04-01/P1Y,33.19389339
E07000148,Norwich,2024-04-01/P1Y,32.19545708
E07000149,South Norfolk,2023-04-01/P1Y,17.40716309
E07000149,South Norfolk,2024-04-01/P1Y,17.70174356
E07000170,Ashfield,2023-04-01/P1Y,29.42316606
E07000170,Ashfield,2024-04-01/P1Y,29.79916318
E07000171,Bassetlaw,2023-04-01/P1Y,28.65257473
E07000171,Bassetlaw,2024-04-01/P1Y,28.18388712
E07000172,Broxtowe,2023-04-01/P1Y,19.83697081
E07000172,Broxtowe,2024-04-01/P1Y,19.708412
E07000173,Gedling,2023-04-01/P1Y,21.60911866
E07000173,Gedling,2024-04-01/P1Y,21.15849898
E07000174,Mansfield,2023-04-01/P1Y,28.66305587
E07000174,Mansfield,2024-04-01/P1Y,28.65009884
E07000175,Newark and Sherwood,2023-04-01/P1Y,25.64304219
E07000175,Newark and Sherwood,2024-04-01/P1Y,24.8661511
E07000176,Rushcliffe,2023-04-01/P1Y,11.55736985
E07000176,Rushcliffe,2024-04-01/P1Y,11.34967989
E07000177,Cherwell,2023-04-01/P1Y,19.34818611
E07000177,Cherwell,2024-04-01/P1Y,19.4139532
E07000178,Oxford,2023-04-01/P1Y,23.6579665
E07000178,Oxford,2024-04-01/P1Y,22.88211303
E07000179,South Oxfordshire,2023-04-01/P1Y,13.50864171
E07000179,South Oxfordshire,2024-04-01/P1Y,13.66551035
E07000180,Vale of White Horse,2023-04-01/P1Y,15.43224994
E07000180,Vale of White Horse,2024-04-01/P1Y,16.00178064
E07000181,West Oxfordshire,2023-04-01/P1Y,16.48976141
E07000181,West Oxfordshire,2024-04-01/P1Y,16.23911728
E07000192,Cannock Chase,2023-04-01/P1Y,27.67278471
E07000192,Cannock Chase,2024-04-01/P1Y,28.98866609
E07000193,East Staffordshire,2023-04-01/P1Y,29.62152525
E07000193,East Staffordshire,2024-04-01/P1Y,28.57484743
E07000194,Lichfield,2023-04-01/P1Y,18.32032301
E07000194,Lichfield,2024-04-01/P1Y,18.85057471
E07000195,Newcastle-under-Lyme,2023-04-01/P1Y,24.896649
E07000195,Newcastle-under-Lyme,2024-04-01/P1Y,24.75026671
E07000196,South Staffordshire,2023-04-01/P1Y,20.74826116
E07000196,South Staffordshire,2024-04-01/P1Y,21.15492014
E07000197,Stafford,2023-04-01/P1Y,20.23204607
E07000197,Stafford,2024-04-01/P1Y,20.61508688
E07000198,Staffordshire Moorlands,2023-04-01/P1Y,19.71915347
E07000198,Staffordshire Moorlands,2024-04-01/P1Y,20.05115434
E07000199,Tamworth,2023-04-01/P1Y,26.15625817
E07000199,Tamworth,2024-04-01/P1Y,26.87627442
E07000200,Babergh,2023-04-01/P1Y,22.23231668
E07000200,Babergh,2024-04-01/P1Y,23.24089672
E07000202,Ipswich,2023-04-01/P1Y,33.38430898
E07000202,Ipswich,2024-04-01/P1Y,32.75262548
E07000203,Mid Suffolk,2023-04-01/P1Y,19.19876026
E07000203,Mid Suffolk,2024-04-01/P1Y,18.75177789
E07000207,Elmbridge,2023-04-01/P1Y,11.23561881
E07000207,Elmbridge,2024-04-01/P1Y,11.25134264
E07000208,Epsom and Ewell,2023-04-01/P1Y,12.51409245
E07000208,Epsom and Ewell,2024-04-01/P1Y,12.56385886
E07000209,Guildford,2023-04-01/P1Y,13.90787983
E07000209,Guildford,2024-04-01/P1Y,14.16169289
E07000210,Mole Valley,2023-04-01/P1Y,13.10115003
E07000210,Mole Valley,2024-04-01/P1Y,13.93469549
E07000211,Reigate and Banstead,2023-04-01/P1Y,14.85327744
E07000211,Reigate and Banstead,2024-04-01/P1Y,14.53391035
E07000212,Runnymede,2023-04-01/P1Y,17.0519685
E07000212,Runnymede,2024-04-01/P1Y,18.41794569
E07000213,Spelthorne,2023-04-01/P1Y,20.25310174
E07000213,Spelthorne,2024-04-01/P1Y,20.40232671
E07000214,Surrey Heath,2023-04-01/P1Y,14.12929528
E07000214,Surrey Heath,2024-04-01/P1Y,13.81087498
E07000215,Tandridge,2023-04-01/P1Y,15.40137615
E07000215,Tandridge,2024-04-01/P1Y,16.02448266
E07000216,Waverley,2023-04-01/P1Y,10.93731624
E07000216,Waverley,2024-04-01/P1Y,11.11372734
E07000217,Woking,2023-04-01/P1Y,18.35082171
E07000217,Woking,2024-04-01/P1Y,18.44823445
E07000218,North Warwickshire,2023-04-01/P1Y,23.57483731
E07000218,North Warwickshire,2024-04-01/P1Y,24.93124785
E07000219,Nuneaton and Bedworth,2023-04-01/P1Y,25.35467578
E07000219,Nuneaton and Bedworth,2024-04-01/P1Y,25.39011704
E07000220,Rugby,2023-04-01/P1Y,17.91624451
E07000220,Rugby,2024-04-01/P1Y,18.0851937
E07000221,Stratford-on-Avon,2023-04-01/P1Y,17.2315785
E07000221,Stratford-on-Avon,2024-04-01/P1Y,17.71765493
E07000222,Warwick,2023-04-01/P1Y,14.07869049
E07000222,Warwick,2024-04-01/P1Y,14.73556276
E07000223,Adur,2023-04-01/P1Y,21.55209498
E07000223,Adur,2024-04-01/P1Y,21.32775745
E07000224,Arun,2023-04-01/P1Y,26.38678328
E07000224,Arun,2024-04-01/P1Y,27.32623427
E07000225,Chichester,2023-04-01/P1Y,21.83272142
E07000225,Chichester,2024-04-01/P1Y,23.02697303
E07000226,Crawley,2023-04-01/P1Y,29.13041827
E07000226,Crawley,2024-04-01/P1Y,29.52352002
E07000227,Horsham,2023-04-01/P1Y,15.19720716
E07000227,Horsham,2024-04-01/P1Y,15.44841314
E07000228,Mid Sussex,2023-04-01/P1Y,13.62349035
E07000228,Mid Sussex,2024-04-01/P1Y,14.16160971
E07000229,Worthing,2023-04-01/P1Y,22.60193133
E07000229,Worthing,2024-04-01/P1Y,22.45897229
E07000234,Bromsgrove,2023-04-01/P1Y,14.46564885
E07000234,Bromsgrove,2024-04-01/P1Y,15.29205863
E07000235,Malvern Hills,2023-04-01/P1Y,20.03804692
E07000235,Malvern Hills,2024-04-01/P1Y,21.16460484
E07000236,Redditch,2023-04-01/P1Y,26.66706537
E07000236,Redditch,2024-04-01/P1Y,27.12026833
E07000237,Worcester,2023-04-01/P1Y,25.95144357
E07000237,Worcester,2024-04-01/P1Y,26.47394447
E07000238,Wychavon,2023-04-01/P1Y,21.2668679
E07000238,Wychavon,2024-04-01/P1Y,22.43544078
E07000239,Wyre Forest,2023-04-01/P1Y,27.17532852
E07000239,Wyre Forest,2024-04-01/P1Y,28.72957613
E07000240,St Albans,2023-04-01/P1Y,11.78038049
E07000240,St Albans,2024-04-01/P1Y,11.76047079
E07000241,Welwyn Hatfield,2023-04-01/P1Y,19.86826711
E07000241,Welwyn Hatfield,2024-04-01/P1Y,19.99389233
E07000242,East Hertfordshire,2023-04-01/P1Y,13.83185722
E07000242,East Hertfordshire,2024-04-01/P1Y,14.13256331
E07000243,Stevenage,2023-04-01/P1Y,24.40056417
E07000243,Stevenage,2024-04-01/P1Y,25.13345915
E07000244,East Suffolk,2023-04-01/P1Y,26.43344797
E07000244,East Suffolk,2024-04-01/P1Y,26.5000519
E07000245,West Suffolk,2023-04-01/P1Y,19.50987955
E07000245,West Suffolk,2024-04-01/P1Y,19.88593377
E08000001,Bolton,2023-04-01/P1Y,38.16329933
E08000001,Bolton,2024-04-01/P1Y,36.66671634
E08000002,Bury,2023-04-01/P1Y,30.40360113
E08000002,Bury,2024-04-01/P1Y,29.66371681
E08000003,Manchester,2023-04-01/P1Y,44.00151403
E08000003,Manchester,2024-04-01/P1Y,42.2738629
E08000004,Oldham,2023-04-01/P1Y,43.61173654
E08000004,Oldham,2024-04-01/P1Y,41.77447537
E08000005,Rochdale,2023-04-01/P1Y,38.17209625
E08000005,Rochdale,2024-04-01/P1Y,36.94976495
E08000006,Salford,2023-04-01/P1Y,34.30001076
E08000006,Salford,2024-04-01/P1Y,33.64431896
E08000007,Stockport,2023-04-01/P1Y,20.40083027
E08000007,Stockport,2024-04-01/P1Y,19.5958614
E08000008,Tameside,2023-04-01/P1Y,32.81313903
E08000008,Tameside,2024-04-01/P1Y,32.46581197
E08000009,Trafford,2023-04-01/P1Y,16.35789516
E08000009,Trafford,2024-04-01/P1Y,15.80529564
E08000010,Wigan,2023-04-01/P1Y,24.6870178
E08000010,Wigan,2024-04-01/P1Y,24.85268467
E08000011,Knowsley,2023-04-01/P1Y,30.28867412
E08000011,Knowsley,2024-04-01/P1Y,29.77345275
E08000012,Liverpool,2023-04-01/P1Y,34.3084797
E08000012,Liverpool,2024-04-01/P1Y,34.21317936
E08000013,St. Helens,2023-04-01/P1Y,25.96970705
E08000013,St. Helens,2024-04-01/P1Y,26.2603144
E08000014,Sefton,2023-04-01/P1Y,24.82659501
E08000014,Sefton,2024-04-01/P1Y,24.82213766
E08000015,Wirral,2023-04-01/P1Y,25.25052156
E08000015,Wirral,2024-04-01/P1Y,25.15860224
E08000016,Barnsley,2023-04-01/P1Y,30.70681375
E08000016,Barnsley,2024-04-01/P1Y,31.49997829
E08000017,Doncaster,2023-04-01/P1Y,34.60089475
E08000017,Doncaster,2024-04-01/P1Y,34.65624175
E08000018,Rotherham,2023-04-01/P1Y,30.69676947
E08000018,Rotherham,2024-04-01/P1Y,30.62801382
E08000019,Sheffield,2023-04-01/P1Y,30.84856918
E08000019,Sheffield,2024-04-01/P1Y,31.59476782
E08000021,Newcastle upon Tyne,2023-04-01/P1Y,32.17391304
E08000021,Newcastle upon Tyne,2024-04-01/P1Y,30.87742432
E08000022,North Tyneside,2023-04-01/P1Y,22.61946053
E08000022,North Tyneside,2024-04-01/P1Y,22.89724633
E08000023,South Tyneside,2023-04-01/P1Y,29.92838856
E08000023,South Tyneside,2024-04-01/P1Y,29.60246008
E08000024,Sunderland,2023-04-01/P1Y,29.7790122
E08000024,Sunderland,2024-04-01/P1Y,29.7359035
E08000025,Birmingham,2023-04-01/P1Y,44.3768501
E08000025,Birmingham,2024-04-01/P1Y,44.43874303
E08000026,Coventry,2023-04-01/P1Y,32.56465845
E08000026,Coventry,2024-04-01/P1Y,32.24722875
E08000027,Dudley,2023-04-01/P1Y,31.37324
E08000027,Dudley,2024-04-01/P1Y,32.34368327
E08000028,Sandwell,2023-04-01/P1Y,39.5439126
E08000028,Sandwell,2024-04-01/P1Y,40.17623606
E08000029,Solihull,2023-04-01/P1Y,19.93516267
E08000029,Solihull,2024-04-01/P1Y,20.05800571
E08000030,Walsall,2023-04-01/P1Y,38.33245853
E08000030,Walsall,2024-04-01/P1Y,38.32323105
E08000031,Wolverhampton,2023-04-01/P1Y,37.94420768
E08000031,Wolverhampton,2024-04-01/P1Y,37.82316741
E08000032,Bradford,2023-04-01/P1Y,43.7592844
E08000032,Bradford,2024-04-01/P1Y,41.77328862
E08000033,Calderdale,2023-04-01/P1Y,32.1557336
E08000033,Calderdale,2024-04-01/P1Y,31.0606823
E08000034,Kirklees,2023-04-01/P1Y,33.58962693
E08000034,Kirklees,2024-04-01/P1Y,32.85613812
E08000035,Leeds,2023-04-01/P1Y,30.63875973
E08000035,Leeds,2024-04-01/P1Y,29.61925735
E08000036,Wakefield,2023-04-01/P1Y,28.53104849
E08000036,Wakefield,2024-04-01/P1Y,27.47307061
E08000037,Gateshead,2023-04-01/P1Y,28.44759207
E08000037,Gateshead,2024-04-01/P1Y,28.22544392
E08000038,Barnsley,2023-04-01/P1Y,30.70681375
E08000038,Barnsley,2024-04-01/P1Y,31.49997829
E08000039,Sheffield,2023-04-01/P1Y,30.84856918
E08000039,Sheffield,2024-04-01/P1Y,31.59476782
E09000001,City of London,2023-04-01/P1Y,11.5995116
E09000001,City of London,2024-04-01/P1Y,15.02808989
E09000002,Barking and Dagenham,2023-04-01/P1Y,41.11459615
E09000002,Barking and Dagenham,2024-04-01/P1Y,39.24213885
E09000003,Barnet,2023-04-01/P1Y,28.16351212
E09000003,Barnet,2024-04-01/P1Y,27.24965723
E09000004,Bexley,2023-04-01/P1Y,21.88800496
E09000004,Bexley,2024-04-01/P1Y,20.33826476
E09000005,Brent,2023-04-01/P1Y,42.58659736
E09000005,Brent,2024-04-01/P1Y,42.34397404
E09000006,Bromley,2023-04-01/P1Y,16.20055933
E09000006,Bromley,2024-04-01/P1Y,15.30483876
E09000007,Camden,2023-04-01/P1Y,29.03043615
E09000007,Camden,2024-04-01/P1Y,27.26452777
E09000008,Croydon,2023-04-01/P1Y,31.33186974
E09000008,Croydon,2024-04-01/P1Y,30.30777948
E09000009,Ealing,2023-04-01/P1Y,34.35112402
E09000009,Ealing,2024-04-01/P1Y,33.92461502
E09000010,Enfield,2023-04-01/P1Y,41.53575945
E09000010,Enfield,2024-04-01/P1Y,40.14314522
E09000011,Greenwich,2023-04-01/P1Y,30.50141653
E09000011,Greenwich,2024-04-01/P1Y,29.19866387
E09000012,Hackney,2023-04-01/P1Y,49.70691676
E09000012,Hackney,2024-04-01/P1Y,50.11830144
E09000013,Hammersmith and Fulham,2023-04-01/P1Y,24.62413938
E09000013,Hammersmith and Fulham,2024-04-01/P1Y,24.24157303
E09000014,Haringey,2023-04-01/P1Y,39.29590467
E09000014,Haringey,2024-04-01/P1Y,38.2322518
E09000015,Harrow,2023-04-01/P1Y,30.46767667
E09000015,Harrow,2024-04-01/P1Y,29.32515108
E09000016,Havering,2023-04-01/P1Y,24.46519709
E09000016,Havering,2024-04-01/P1Y,23.51524739
E09000017,Hillingdon,2023-04-01/P1Y,28.19996393
E09000017,Hillingdon,2024-04-01/P1Y,27.60798332
E09000018,Hounslow,2023-04-01/P1Y,31.97501041
E09000018,Hounslow,2024-04-01/P1Y,32.25245704
E09000019,Islington,2023-04-01/P1Y,34.20515043
E09000019,Islington,2024-04-01/P1Y,33.364896
E09000020,Kensington and Chelsea,2023-04-01/P1Y,16.57442327
E09000020,Kensington and Chelsea,2024-04-01/P1Y,16.13723632
E09000021,Kingston upon Thames,2023-04-01/P1Y,18.02767849
E09000021,Kingston upon Thames,2024-04-01/P1Y,17.6683717
E09000022,Lambeth,2023-04-01/P1Y,31.82975235
E09000022,Lambeth,2024-04-01/P1Y,30.94526041
E09000023,Lewisham,2023-04-01/P1Y,30.59437435
E09000023,Lewisham,2024-04-01/P1Y,29.58855034
E09000024,Merton,2023-04-01/P1Y,23.09986508
E09000024,Merton,2024-04-01/P1Y,22.30603963
E09000025,Newham,2023-04-01/P1Y,47.34000318
E09000025,Newham,2024-04-01/P1Y,44.86259898
E09000026,Redbridge,2023-04-01/P1Y,32.2434243
E09000026,Redbridge,2024-04-01/P1Y,30.52082733
E09000027,Richmond upon Thames,2023-04-01/P1Y,10.62050086
E09000027,Richmond upon Thames,2024-04-01/P1Y,10.61512778
E09000028,Southwark,2023-04-01/P1Y,31.64680953
E09000028,Southwark,2024-04-01/P1Y,31.04039168
E09000029,Sutton,2023-04-01/P1Y,20.281044
E09000029,Sutton,2024-04-01/P1Y,19.70166431
E09000030,Tower Hamlets,2023-04-01/P1Y,52.41281893
E09000030,Tower Hamlets,2024-04-01/P1Y,50.34144602
E09000031,Waltham Forest,2023-04-01/P1Y,33.68785511
E09000031,Waltham Forest,2024-04-01/P1Y,32.19501757
E09000032,Wandsworth,2023-04-01/P1Y,24.42985683
E09000032,Wandsworth,2024-04-01/P1Y,23.82423163
E09000033,Westminster,2023-04-01/P1Y,27.61965635
E09000033,Westminster,2024-04-01/P1Y,26.32723112
E10000003,Cambridgeshire,2023-04-01/P1Y,18.50804768
E10000003,Cambridgeshire,2024-04-01/P1Y,18.52549591
E10000007,Derbyshire,2023-04-01/P1Y,22.81000058
E10000007,Derbyshire,2024-04-01/P1Y,22.80042528
E10000008,Devon,2023-04-01/P1Y,22.78536428
E10000008,Devon,2024-04-01/P1Y,23.28082155
E10000011,East Sussex,2023-04-01/P1Y,26.06154959
E10000011,East Sussex,2024-04-01/P1Y,26.28385556
E10000012,Essex,2023-04-01/P1Y,21.99443529
E10000012,Essex,2024-04-01/P1Y,22.16974837
E10000013,Gloucestershire,2023-04-01/P1Y,21.60961386
E10000013,Gloucestershire,2024-04-01/P1Y,21.29095071
E10000014,Hampshire,2023-04-01/P1Y,18.69211372
E10000014,Hampshire,2024-04-01/P1Y,18.79082086
E10000015,Hertfordshire,2023-04-01/P1Y,18.35147172
E10000015,Hertfordshire,2024-04-01/P1Y,18.52582657
E10000016,Kent,2023-04-01/P1Y,23.97054137
E10000016,Kent,2024-04-01/P1Y,23.43579848
E10000017,Lancashire,2023-04-01/P1Y,28.2700496
E10000017,Lancashire,2024-04-01/P1Y,28.40857332
E10000018,Leicestershire,2023-04-01/P1Y,19.35561377
E10000018,Leicestershire,2024-04-01/P1Y,19.64240436
E10000019,Lincolnshire,2023-04-01/P1Y,27.11251176
E10000019,Lincolnshire,2024-04-01/P1Y,27.3744259
E10000020,Norfolk,2023-04-01/P1Y,25.93821246
E10000020,Norfolk,2024-04-01/P1Y,25.89708735
E10000024,Nottinghamshire,2023-04-01/P1Y,23.66502921
E10000024,Nottinghamshire,2024-04-01/P1Y,23.44799016
E10000025,Oxfordshire,2023-04-01/P1Y,17.67433985
E10000025,Oxfordshire,2024-04-01/P1Y,17.64941195
E10000028,Staffordshire,2023-04-01/P1Y,23.61564893
E10000028,Staffordshire,2024-04-01/P1Y,23.86445286
E10000029,Suffolk,2023-04-01/P1Y,24.72178358
E10000029,Suffolk,2024-04-01/P1Y,24.74549784
E10000030,Surrey,2023-04-01/P1Y,14.49238568
E10000030,Surrey,2024-04-01/P1Y,14.70834213
E10000031,Warwickshire,2023-04-01/P1Y,19.22597643
E10000031,Warwickshire,2024-04-01/P1Y,19.67251686
E10000032,West Sussex,2023-04-01/P1Y,21.14127341
E10000032,West Sussex,2024-04-01/P1Y,21.58777581
E10000034,Worcestershire,2023-04-01/P1Y,22.55306632
E10000034,Worcestershire,2024-04-01/P1Y,23.49894713
E12000001,North East,2023-04-01/P1Y,29.34626821
E12000001,North East,2024-04-01/P1Y,28.93895243
E12000002,North West,2023-04-01/P1Y,29.72168572
E12000002,North West,2024-04-01/P1Y,29.14787931
E12000003,Yorkshire and The Humber,2023-04-01/P1Y,31.28483115
E12000003,Yorkshire and The Humber,2024-04-01/P1Y,30.75217467
E12000004,East Midlands,2023-04-01/P1Y,26.72150972
E12000004,East Midlands,2024-04-01/P1Y,26.51713824
E12000005,West Midlands,2023-04-01/P1Y,31.96343593
E12000005,West Midlands,2024-04-01/P1Y,32.23823734
E12000006,East of England,2023-04-01/P1Y,23.4542216
E12000006,East of England,2024-04-01/P1Y,23.38190257
E12000007,London,2023-04-01/P1Y,31.73889301
E12000007,London,2024-04-01/P1Y,30.74746347
E12000008,South East,2023-04-01/P1Y,21.00376549
E12000008,South East,2024-04-01/P1Y,20.8193853
E12000009,South West,2023-04-01/P1Y,23.07935162
E12000009,South West,2024-04-01/P1Y,23.06951569
E47000001,Greater Manchester,2023-04-01/P1Y,33.59730334
E47000001,Greater Manchester,2024-04-01/P1Y,32.59780743
E47000002,South Yorkshire,2023-04-01/P1Y,31.65229979
E47000002,South Yorkshire,2024-04-01/P1Y,32.09122115
E47000003,West Yorkshire,2023-04-01/P1Y,34.45597268
E47000003,West Yorkshire,2024-04-01/P1Y,33.21442496
E47000004,Liverpool City Region,2023-04-01/P1Y,28.81768764
E47000004,Liverpool City Region,2024-04-01/P1Y,28.80565774
E47000006,Tees Valley,2023-04-01/P1Y,32.31286378
E47000006,Tees Valley,2024-04-01/P1Y,31.27449958
E47000007,West Midlands,2023-04-01/P1Y,38.30149918
E47000007,West Midlands,2024-04-01/P1Y,38.44289765
E47000008,Cambridgeshire and Peterborough,2023-04-01/P1Y,23.74652845
E47000008,Cambridgeshire and Peterborough,2024-04-01/P1Y,23.25598423
E47000009,West of England,2023-04-01/P1Y,21.6709028
E47000009,West of England,2024-04-01/P1Y,21.20674669
E47000012,York and North Yorkshire,2023-04-01/P1Y,19.14658581
E47000012,York and North Yorkshire,2024-04-01/P1Y,19.26142523
E47000013,East Midlands,2023-04-01/P1Y,27.41846833
E47000013,East Midlands,2024-04-01/P1Y,26.98504326
E47000014,North East,2023-04-01/P1Y,28.20094131
E47000014,North East,2024-04-01/P1Y,28.02672557
E47000015,Devon and Torbay,2023-04-01/P1Y,23.98066871
E47000015,Devon and Torbay,2024-04-01/P1Y,24.47342951
E47000016,Hull and East Yorkshire,2023-04-01/P1Y,29.78901267
E47000016,Hull and East Yorkshire,2024-04-01/P1Y,29.40061041
E47000017,Greater Lincolnshire,2023-04-01/P1Y,29.21446051
E47000017,Greater Lincolnshire,2024-04-01/P1Y,29.08909697
E47000018,Lancashire,2023-04-01/P1Y,30.95726957
E47000018,Lancashire,2024-04-01/P1Y,30.62049761
K02000001,United Kingdom,2023-04-01/P1Y,26.29050622
K02000001,United Kingdom,2024-04-01/P1Y,25.95511921
N09000001,Antrim and Newtownabbey,2023-04-01/P1Y,18.3708482
N09000001,Antrim and Newtownabbey,2024-04-01/P1Y,17.47882827
N09000002,"Armagh City, Banbridge and Craigavon",2023-04-01/P1Y,22.07886194
N09000002,"Armagh City, Banbridge and Craigavon",2024-04-01/P1Y,22.07901079
N09000003,Belfast,2023-04-01/P1Y,24.34708085
N09000003,Belfast,2024-04-01/P1Y,22.14706955
N09000004,Causeway Coast and Glens,2023-04-01/P1Y,23.04284145
N09000004,Causeway Coast and Glens,2024-04-01/P1Y,22.48748842
N09000005,Derry City and Strabane,2023-04-01/P1Y,23.96481307
N09000005,Derry City and Strabane,2024-04-01/P1Y,22.97767377
N09000006,Fermanagh and Omagh,2023-04-01/P1Y,21.16320571
N09000006,Fermanagh and Omagh,2024-04-01/P1Y,21.55288364
N09000007,Lisburn and Castlereagh,2023-04-01/P1Y,14.61969048
N09000007,Lisburn and Castlereagh,2024-04-01/P1Y,14.05975977
N09000008,Mid and East Antrim,2023-04-01/P1Y,21.00967704
N09000008,Mid and East Antrim,2024-04-01/P1Y,20.20768025
N09000009,Mid Ulster,2023-04-01/P1Y,20.1252082
N09000009,Mid Ulster,2024-04-01/P1Y,20.02649464
N09000010,"Newry, Mourne and Down",2023-04-01/P1Y,23.80264142
N09000010,"Newry, Mourne and Down",2024-04-01/P1Y,22.16319646
N09000011,Ards and North Down,2023-04-01/P1Y,17.47973019
N09000011,Ards and North Down,2024-04-01/P1Y,16.94150859
N92000002,Northern Ireland,2023-04-01/P1Y,21.35444169
N92000002,Northern Ireland,2024-04-01/P1Y,20.49874962
S12000005,Clackmannanshire,2023-04-01/P1Y,17.70964421
S12000005,Clackmannanshire,2024-04-01/P1Y,17.0015097
S12000006,Dumfries and Galloway,2023-04-01/P1Y,17.85714286
S12000006,Dumfries and Galloway,2024-04-01/P1Y,17.35208401
S12000008,East Ayrshire,2023-04-01/P1Y,17.2384896
S12000008,East Ayrshire,2024-04-01/P1Y,16.69788996
S12000010,East Lothian,2023-04-01/P1Y,11.86817531
S12000010,East Lothian,2024-04-01/P1Y,12.21260816
S12000011,East Renfrewshire,2023-04-01/P1Y,9.056927817
S12000011,East Renfrewshire,2024-04-01/P1Y,8.487638875
S12000013,Na h-Eileanan Siar,2023-04-01/P1Y,12.10158072
S12000013,Na h-Eileanan Siar,2024-04-01/P1Y,12.90152712
S12000014,Falkirk,2023-04-01/P1Y,14.34163436
S12000014,Falkirk,2024-04-01/P1Y,13.90750796
S12000017,Highland,2023-04-01/P1Y,13.79636383
S12000017,Highland,2024-04-01/P1Y,14.18345128
S12000018,Inverclyde,2023-04-01/P1Y,15.78600823
S12000018,Inverclyde,2024-04-01/P1Y,15.43397779
S12000019,Midlothian,2023-04-01/P1Y,12.65277553
S12000019,Midlothian,2024-04-01/P1Y,12.70087022
S12000020,Moray,2023-04-01/P1Y,14.93741128
S12000020,Moray,2024-04-01/P1Y,15.14125765
S12000021,North Ayrshire,2023-04-01/P1Y,18.1181039
S12000021,North Ayrshire,2024-04-01/P1Y,17.99779873
S12000023,Orkney Islands,2023-04-01/P1Y,10.70398153
S12000023,Orkney Islands,2024-04-01/P1Y,12.20220802
S12000026,Scottish Borders,2023-04-01/P1Y,15.17448991
S12000026,Scottish Borders,2024-04-01/P1Y,15.00535906
S12000027,Shetland Islands,2023-04-01/P1Y,9.493359567
S12000027,Shetland Islands,2024-04-01/P1Y,9.269872913
S12000028,South Ayrshire,2023-04-01/P1Y,15.87084498
S12000028,South Ayrshire,2024-04-01/P1Y,14.9536067
S12000029,South Lanarkshire,2023-04-01/P1Y,13.31463985
S12000029,South Lanarkshire,2024-04-01/P1Y,12.80650557
S12000030,Stirling,2023-04-01/P1Y,11.24804249
S12000030,Stirling,2024-04-01/P1Y,10.90018371
S12000033,Aberdeen City,2023-04-01/P1Y,11.88910277
S12000033,Aberdeen City,2024-04-01/P1Y,11.8553284
S12000034,Aberdeenshire,2023-04-01/P1Y,9.954666832
S12000034,Aberdeenshire,2024-04-01/P1Y,10.03152585
S12000035,Argyll and Bute,2023-04-01/P1Y,14.50597352
S12000035,Argyll and Bute,2024-04-01/P1Y,13.73676
S12000036,City of Edinburgh,2023-04-01/P1Y,13.69531045
S12000036,City of Edinburgh,2024-04-01/P1Y,13.0584688
S12000038,Renfrewshire,2023-04-01/P1Y,13.94575736
S12000038,Renfrewshire,2024-04-01/P1Y,12.70275552
S12000039,West Dunbartonshire,2023-04-01/P1Y,16.36242505
S12000039,West Dunbartonshire,2024-04-01/P1Y,15.20644512
S12000040,West Lothian,2023-04-01/P1Y,14.50721119
S12000040,West Lothian,2024-04-01/P1Y,13.77705376
S12000041,Angus,2023-04-01/P1Y,16.06887446
S12000041,Angus,2024-04-01/P1Y,16.08688369
S12000042,Dundee City,2023-04-01/P1Y,17.6940923
S12000042,Dundee City,2024-04-01/P1Y,16.96904575
S12000045,East Dunbartonshire,2023-04-01/P1Y,8.133946566
S12000045,East Dunbartonshire,2024-04-01/P1Y,7.788082185
S12000047,Fife,2023-04-01/P1Y,16.19328361
S12000047,Fife,2024-04-01/P1Y,16.24118488
S12000048,Perth and Kinross,2023-04-01/P1Y,12.55452619
S12000048,Perth and Kinross,2024-04-01/P1Y,13.29940345
S12000049,Glasgow City,2023-04-01/P1Y,24.55113073
S12000049,Glasgow City,2024-04-01/P1Y,23.28494107
S12000050,North Lanarkshire,2023-04-01/P1Y,15.92227185
S12000050,North Lanarkshire,2024-04-01/P1Y,14.76137255
S92000003,Scotland,2023-04-01/P1Y,15.22351859
S92000003,Scotland,2024-04-01/P1Y,14.77242697
W06000001,Isle of Anglesey,2023-04-01/P1Y,27.08153021
W06000001,Isle of Anglesey,2024-04-01/P1Y,29.21496312
W06000002,Gwynedd,2023-04-01/P1Y,25.07797879
W06000002,Gwynedd,2024-04-01/P1Y,26.66631568
W06000003,Conwy,2023-04-01/P1Y,27.04513985
W06000003,Conwy,2024-04-01/P1Y,28.43779757
W06000004,Denbighshire,2023-04-01/P1Y,27.92882729
W06000004,Denbighshire,2024-04-01/P1Y,29.11674888
W06000005,Flintshire,2023-04-01/P1Y,23.12083379
W06000005,Flintshire,2024-04-01/P1Y,24.24626393
W06000006,Wrexham,2023-04-01/P1Y,25.66278694
W06000006,Wrexham,2024-04-01/P1Y,26.54849308
W06000008,Ceredigion,2023-04-01/P1Y,27.74463007
W06000008,Ceredigion,2024-04-01/P1Y,27.94190789
W06000009,Pembrokeshire,2023-04-01/P1Y,28.64350864
W06000009,Pembrokeshire,2024-04-01/P1Y,27.74436458
W06000010,Carmarthenshire,2023-04-01/P1Y,25.17947766
W06000010,Carmarthenshire,2024-04-01/P1Y,24.99529102
W06000011,Swansea,2023-04-01/P1Y,24.34770177
W06000011,Swansea,2024-04-01/P1Y,24.44883577
W06000012,Neath Port Talbot,2023-04-01/P1Y,25.77944923
W06000012,Neath Port Talbot,2024-04-01/P1Y,25.73475235
W06000013,Bridgend,2023-04-01/P1Y,25.71528806
W06000013,Bridgend,2024-04-01/P1Y,25.29465095
W06000014,Vale of Glamorgan,2023-04-01/P1Y,21.00607182
W06000014,Vale of Glamorgan,2024-04-01/P1Y,20.45463788
W06000015,Cardiff,2023-04-01/P1Y,28.27154249
W06000015,Cardiff,2024-04-01/P1Y,26.80706258
W06000016,Rhondda Cynon Taf,2023-04-01/P1Y,27.18634241
W06000016,Rhondda Cynon Taf,2024-04-01/P1Y,26.5956457
W06000018,Caerphilly,2023-04-01/P1Y,26.35211092
W06000018,Caerphilly,2024-04-01/P1Y,26.78945697
W06000019,Blaenau Gwent,2023-04-01/P1Y,32.11740042
W06000019,Blaenau Gwent,2024-04-01/P1Y,31.98624969
W06000020,Torfaen,2023-04-01/P1Y,28.69722417
W06000020,Torfaen,2024-04-01/P1Y,27.87209302
W06000021,Monmouthshire,2023-04-01/P1Y,17.84520786
W06000021,Monmouthshire,2024-04-01/P1Y,17.79529681
W06000022,Newport,2023-04-01/P1Y,29.1266766
W06000022,Newport,2024-04-01/P1Y,28.29772206
W06000023,Powys,2023-04-01/P1Y,23.53256108
W06000023,Powys,2024-04-01/P1Y,24.90044737
W06000024,Merthyr Tydfil,2023-04-01/P1Y,28.9334172
W06000024,Merthyr Tydfil,2024-04-01/P1Y,28.42589254
W92000004,Wales,2023-04-01/P1Y,26.18172627
W92000004,Wales,2024-04-01/P1Y,26.14461867